0,2,18,58,630082,846
0,9,18,-177,661517,906
0,3,18,-39,669930,925
0,6,18,85,727630,1007
0,12,18,153,829437,1142
0,5,18,-70,910144,1221
0,4,18,101,918800,1229
0,11,18,-84,987868,1339
0,17,18,753,787078,694
0,24,18,9999,818,1
0,25,0,-10000,0,0
0,13,18,-50,1237914,1649
0,18,18,-392,744013,765
0,16,18,125,732814,857
0,7,18,-95,1300094,1746
0,10,18,182,1363360,1847
0,19,18,375,844026,902
0,1,18,-42,1566799,2003
0,23,18,319,945059,1050
0,14,18,76,1885816,2506
1,1,18,-31,813748,986
1,5,18,-13,698093,873
1,2,18,34,838633,970
1,7,18,14,605208,721
1,3,18,-26,799743,957
1,6,18,48,659293,795
0,8,18,193,2057814,2677
1,9,18,-69,373338,425
1,4,18,44,953547,1158
0,15,18,623,2804562,3009
0,21,18,442,1705400,1902
0,20,18,-416,1926969,2109
1,12,18,31,592024,689
0,22,18,-325,2029008,2214
1,10,18,72,861892,1022
1,16,18,50,798364,918
1,19,18,96,769735,895
1,14,18,27,975782,1131
1,22,18,-44,572723,574
1,11,18,-16,994998,1261
1,18,18,237,1092280,1217
1,17,18,-37,1148685,1367
1,30,18,1496,956050,322
1,15,18,-28,1292326,1535
1,21,18,118,871384,1067
1,13,18,24,1326003,1688
1,8,18,50,1951140,2368
1,25,18,343,831133,845
1,31,18,-1523,1175633,392
1,33,18,-1096,755756,274
1,26,18,-311,842164,896
1,24,18,53,982817,1066
1,35,18,-1096,1428653,515
1,23,18,172,1365253,1451
2,2,18,30,432101,474
1,20,18,-94,1524426,1825
2,3,18,-42,588369,687
1,32,18,1546,3323012,1092
2,6,18,32,597886,721
2,5,18,-29,783335,941
2,9,18,-5,550797,673
2,10,18,455,580896,600
2,7,18,4,856905,1004
1,34,18,1123,3644447,1346
1,27,18,830,3285247,1831
2,16,18,984,647267,437
2,4,18,55,1187832,1467
1,28,18,813,2623379,2143
2,1,18,-30,1354474,1632
2,11,18,-370,1076246,1182
3,3,18,-33,109560,116
2,12,18,576,1081487,998
2,21,18,-1523,655890,233
2,14,18,753,1124036,978
2,18,18,1062,1065084,773
2,20,18,1545,2266193,821
2,8,18,12,1446813,1789
3,4,18,38,503195,615
3,6,18,12,559383,659
2,19,18,-1033,1717642,1283
3,9,18,59,483531,585
2,17,18,-890,1835812,1565
2,15,18,-653,1786862,1672
1,29,18,-802,4420043,3365
3,2,18,38,1228829,1408
3,8,18,40,1055883,1313
3,5,18,-6,1213593,1425
3,1,18,-45,1325151,1621
3,14,18,6,622698,732
3,7,18,-3,1183816,1459
3,10,18,-3,985062,1170
3,16,18,-50,647992,775
3,11,18,0,1092232,1308
2,13,18,-586,2864863,2787
3,25,18,526,423539,428
3,13,18,51,1205317,1476
3,17,18,59,976902,1233
3,24,18,12,678015,813
3,21,18,128,759643,909
3,26,18,-576,725060,701
3,15,18,68,1286225,1654
3,12,18,1,1613959,2061
3,30,18,-679,513088,511
3,20,18,-58,1061156,1275
3,22,18,-110,1075679,1343
3,27,18,571,1059132,1102
3,23,18,103,1236865,1465
3,19,18,61,1403533,1743
3,32,18,-658,774112,741
3,31,18,682,814823,823
3,29,18,653,1112575,1188
3,37,18,508,601451,577
3,28,18,-552,1459563,1411
3,33,18,669,1041182,1050
3,40,18,-351,633882,657
3,18,18,-58,1909066,2458
3,46,18,-289,441667,403
3,38,18,-421,979698,956
3,34,18,-669,1267457,1269
3,48,18,-187,397613,396
3,42,18,-368,972685,1009
3,39,18,438,1191495,1206
3,49,18,194,526889,507
3,41,18,360,1095338,1110
3,50,18,-195,524354,530
3,36,18,-448,1445805,1515
3,44,18,-339,1107222,1168
3,53,18,227,621788,617
3,47,18,262,1087690,1094
3,52,18,-196,804344,759
3,35,18,692,2033994,2069
3,57,18,413,632462,581
3,45,18,318,1386204,1474
3,55,18,213,626610,619
3,56,18,-196,673410,660
3,43,18,413,1582556,1638
3,51,18,187,1165023,1183
3,59,18,454,776519,730
3,54,18,-174,1238341,1234
3,62,18,-397,874556,810
3,65,18,715,909589,588
3,61,18,661,1126159,953
3,63,18,632,1008231,816
3,69,18,746,855442,521
3,58,18,-427,1307470,1156
3,60,18,-459,1270375,1154
3,67,18,716,1225528,772
3,79,18,1065,781519,335
3,77,18,829,634716,385
3,75,18,858,780521,487
3,81,18,1027,658165,246
3,71,18,806,1729064,858
3,85,18,1164,220236,68
3,87,18,1446,155593,48
3,83,18,1104,572735,223
3,89,18,1430,97201,37
3,64,18,-639,2040951,1619
3,73,18,835,1807866,1052
3,91,18,1537,208189,65
3,90,18,-2577,972584,273
3,93,18,1529,85992,28
3,72,18,-789,2285678,1294
3,94,18,-7640,300597,94
3,92,18,-6488,445314,138
3,88,18,-2407,2014124,512
3,70,18,-765,3076177,1621
3,68,18,-753,3570465,1901
4,4,18,-9,468395,578
3,80,18,-1330,4084870,1490
4,2,18,32,667677,785
3,66,18,-715,3691668,2376
4,5,18,37,595136,720
3,78,18,-915,4336819,1935
4,1,18,-37,863233,1071
4,3,18,9,810193,991
3,86,18,-2515,4975061,1571
4,8,18,-17,378346,463
4,6,18,-29,830090,993
3,82,18,-1625,6080887,1779
3,74,18,-861,4373968,2230
4,12,18,-39,357851,414
3,84,18,-1878,6075354,1877
3,76,18,-867,5426498,2532
4,9,18,31,716748,918
4,11,18,58,752417,906
4,7,18,25,1332853,1661
4,10,18,2,1062019,1332
4,13,18,48,1057652,1295
4,15,18,49,1048436,1302
4,17,18,80,1004956,1267
4,19,18,286,1060072,1273
4,29,18,1256,430493,185
4,14,18,-51,1383638,1776
4,27,18,987,1288023,708
4,30,18,-1269,1335531,572
4,31,18,1269,1258858,544
4,33,18,1238,434206,186
4,18,18,-31,1495612,1869
4,21,18,330,1534851,1834
4,34,18,-1238,645217,274
4,16,18,-22,1662976,2126
4,32,18,-1224,1712735,819
4,20,18,-274,1869860,2226
4,35,18,1512,1291168,502
4,22,18,-334,1765210,2143
4,28,18,-992,2101117,1215
4,24,18,-447,1558370,1958
4,26,18,-350,1417661,1646
4,36,18,-1507,1858868,725
4,38,18,-1553,2085956,820
4,39,18,1614,2302547,892
4,40,18,-1546,2360936,918
4,37,18,1674,2795784,1136
4,25,18,482,2239128,2789
5,2,18,105,731027,876
4,43,18,1759,3167385,1162
4,45,18,2025,3205391,1162
5,3,18,-24,807877,984
5,7,18,-68,549833,656
4,41,18,1769,4460265,1635
4,44,18,-1784,4571764,1631
5,5,18,-19,953804,1144
4,23,18,479,2933011,3550
5,4,18,25,1068627,1284
5,6,18,140,1014151,1188
5,1,18,-39,1529184,1907
5,9,18,-12,784247,949
5,17,18,247,398613,454
4,42,18,-1781,6721387,2483
5,15,18,26,714315,894
5,10,18,15,1259867,1569
5,19,18,294,878668,1008
5,13,18,0,1308566,1616
5,12,18,-13,1399885,1751
5,21,18,271,826990,990
5,18,18,-282,1256718,1440
5,20,18,-312,1099627,1228
5,14,18,4,1546126,1906
5,24,18,-139,723403,847
5,25,18,153,579409,678
5,27,18,-1126,1095966,517
5,26,18,1192,1569526,726
5,16,18,21,1471683,1834
5,22,18,-155,1155698,1377
5,8,18,75,1961210,2450
5,11,18,130,1986568,2480
5,31,18,-876,1009900,655
5,28,18,1123,2250237,1081
5,30,18,984,1943938,1111
5,23,18,248,1712682,1968
5,29,18,-976,2536686,1420
5,32,18,876,2068639,1308
4,46,18,-2184,12632497,4679
5,40,18,823,1955905,1097
5,35,18,-776,2116984,1528
5,48,18,915,693507,329
5,44,18,926,1754867,867
5,46,18,946,1372826,639
5,33,18,-768,2639206,1988
5,50,18,938,891545,450
5,54,18,1253,1081507,353
5,49,18,-907,2440681,1183
5,39,18,-753,4230444,2733
5,38,18,730,4070027,2772
5,42,18,860,3675815,2187
5,58,18,9992,290620,96
5,60,18,9993,10172,8
5,61,18,-9994,79044,30
5,62,18,9994,10990,7
5,63,18,-9995,20003,10
5,59,18,-9992,764347,229
5,43,18,-845,3853392,2352
5,45,18,-957,4176321,2139
5,36,18,784,4155299,3180
5,37,18,-736,4695900,3254
5,34,18,776,4528024,3390
5,51,18,-961,4081447,1836
5,56,18,1325,2663953,911
5,52,18,1301,5359801,1844
5,47,18,-979,5409200,2471
5,41,18,-776,5352963,3421
5,57,18,-1338,3373257,1153
6,3,18,-47,678616,835
6,6,18,28,626021,763
6,9,18,-23,465400,510
6,4,18,44,820564,1009
6,5,18,-23,785158,986
6,2,18,43,945027,1171
5,53,18,-1315,7749572,2640
6,16,18,-6,396860,424
6,7,18,-31,1035602,1269
6,1,18,-57,1468632,1803
6,8,18,25,1004268,1257
6,17,18,74,633460,696
6,13,18,0,832787,988
6,19,18,62,676374,722
6,10,18,30,1166300,1406
6,12,18,40,1029401,1236
6,14,18,62,1027385,1114
6,18,18,-18,920110,1078
6,15,18,-11,1163668,1257
6,22,18,-31,700952,738
6,23,18,157,583879,645
6,21,18,88,803902,879
6,24,18,243,754222,801
6,20,18,-74,1050217,1157
6,26,18,276,911046,962
6,11,18,-31,1855075,2179
6,33,18,23,619237,618
6,30,18,210,878146,875
6,25,18,-246,1031156,1100
5,55,18,-1330,10620347,3569
7,2,18,47,118343,130
6,32,18,13,807970,839
6,27,18,-150,1123145,1242
6,31,18,-70,944876,1032
6,35,18,-220,840064,858
6,34,18,147,1184454,1288
6,38,18,729,1112679,821
7,5,18,39,671924,799
7,1,18,-40,803068,976
7,3,18,35,870987,1022
6,37,18,-171,1295902,1379
7,6,18,-38,855414,1020
7,8,18,-2,767315,936
6,28,18,165,2058345,2280
7,11,18,49,531995,643
7,10,18,9,849265,1058
7,4,18,-39,1323633,1526
6,29,18,-148,2214137,2502
7,12,18,-33,689296,880
7,9,18,12,1227666,1482
7,19,18,42,559614,646
7,14,18,-33,899688,1106
7,7,18,39,1566215,1878
7,15,18,41,887104,1123
7,20,18,20,883218,1086
7,29,18,25,335921,397
7,24,18,89,725348,906
7,21,18,112,963841,1195
7,13,18,46,1419856,1775
6,36,18,576,3842246,3086
7,23,18,-25,1023022,1239
7,31,18,14,337593,392
7,28,18,25,729070,875
7,25,18,30,1190484,1444
7,34,18,-1,644604,705
7,18,18,37,1775022,2246
7,37,18,-168,485187,528
7,30,18,16,842475,1030
7,32,18,79,844742,964
7,22,18,60,1544099,1989
7,27,18,63,1321979,1609
7,17,18,24,1995772,2534
7,35,18,0,831444,936
7,38,18,180,801839,882
7,40,18,183,545211,563
7,50,18,9997,4757,4
7,48,18,1462,573423,215
7,52,18,9998,1095,2
7,45,18,-524,579139,496
7,43,18,-171,483006,517
7,16,18,-14,2310690,2946
7,36,18,303,1066338,1220
7,33,18,-4,1268855,1479
7,47,18,-892,707033,454
7,41,18,-175,672694,729
7,53,18,-1053,496999,251
7,49,18,-1462,980273,367
8,1,18,-33,179277,199
8,2,18,101,231017,255
7,39,18,-69,893752,1053
7,54,18,1061,702916,350
7,44,18,590,978502,879
7,26,18,0,2041819,2450
8,3,18,0,373487,408
7,51,18,-961,910055,645
7,42,18,204,1061156,1151
7,55,18,-913,833770,617
7,46,18,938,1715846,1074
8,4,18,112,706842,862
8,5,18,213,785685,910
8,16,18,349,442702,497
8,9,18,-130,684244,845
8,13,18,-172,634977,761
8,10,18,142,714625,906
8,8,18,137,811569,1057
8,19,18,80,353931,407
8,7,18,56,979629,1213
8,15,18,-136,732364,894
8,12,18,184,877450,1069
8,6,18,46,1095579,1319
8,17,18,128,783880,909
8,14,18,158,919756,1151
8,21,18,36,539641,583
8,23,18,-46,493482,530
8,18,18,55,995010,1177
8,24,18,129,622618,721
8,29,18,24,562621,638
8,20,18,121,1024919,1147
8,11,18,-130,1528170,1944
8,26,18,203,846251,948
8,25,18,-29,903788,1026
8,31,18,0,704429,810
8,28,18,215,907668,1015
8,35,18,-720,811534,811
8,34,18,869,1323761,966
8,22,18,202,1316244,1597
8,38,18,670,871447,715
8,27,18,-174,1377405,1556
8,32,18,802,1502412,1363
8,45,18,97,593918,593
8,41,18,0,917083,996
8,46,18,-64,589491,607
8,36,18,758,1628469,1539
8,40,18,568,1146237,1188
8,51,18,930,471226,259
8,30,18,102,1835607,2091
8,33,18,-786,2030337,1938
8,37,18,-629,2001890,1633
8,49,18,-38,790282,861
8,42,18,-15,1485854,1658
8,44,18,103,1148463,1325
8,52,18,-726,1089731,787
8,48,18,715,1560637,1235
8,54,18,-923,988589,746
8,64,18,9997,48516,17
8,56,18,902,1617954,803
8,57,18,-884,1748063,878
8,62,18,1500,1043865,349
8,60,18,1092,1328004,524
8,58,18,936,1596902,847
8,39,18,-477,2135621,2271
8,71,18,-9996,5184,5
8,70,18,9995,6842,6
8,73,18,-9997,1100,3
8,72,18,9996,2345,3
8,47,18,87,1602588,1701
8,50,18,106,1236021,1298
8,55,18,933,1500965,1167
8,43,18,0,2113498,2310
8,61,18,-1085,2076977,834
8,63,18,-697,1384556,925
9,1,18,-19,537867,632
8,68,18,1050,1931754,743
8,66,18,1050,2428312,968
9,2,18,169,797303,920
8,53,18,1007,2878907,2112
9,5,18,-153,692040,845
8,65,18,-692,2245685,1437
9,4,18,199,942783,1139
9,8,18,133,873243,1016
9,3,18,-150,1323638,1580
9,12,18,104,639416,722
9,6,18,167,1443089,1712
9,11,18,-116,1026262,1152
9,10,18,178,1166508,1296
9,7,18,-137,1462794,1758
8,59,18,-972,5806487,3059
9,9,18,-131,1481309,1756
9,18,18,137,763128,899
9,21,18,-65,553665,593
9,14,18,30,1340631,1606
9,20,18,72,740271,805
8,67,18,-1303,8529685,3002
9,15,18,-48,1572355,1851
9,13,18,-44,1705834,1981
9,16,18,32,1834699,2118
9,17,18,-63,1550695,1779
9,27,18,45,733908,806
9,32,18,68,388121,403
9,29,18,61,691158,771
9,28,18,-43,833565,962
9,25,18,-22,1145240,1301
9,36,18,584,495295,481
9,22,18,91,1696557,1929
9,33,18,-61,672399,736
9,24,18,49,1517455,1707
9,34,18,168,805932,894
9,38,18,800,938283,700
9,39,18,-773,850573,674
9,23,18,-35,2071069,2349
9,40,18,830,774995,521
9,35,18,-162,991425,1094
9,19,18,-64,2392395,2797
9,30,18,-33,1355063,1560
9,44,18,69,240302,265
9,49,18,143,307124,295
9,31,18,137,1473463,1732
9,54,18,0,33257,33
9,51,18,153,276920,288
8,69,18,-1292,13250357,4881
9,45,18,-20,514381,548
9,26,18,80,2063414,2345
9,47,18,-24,552019,582
9,52,18,-151,583860,614
9,42,18,807,1594306,1117
9,48,18,35,685300,775
9,59,18,654,491844,367
9,57,18,77,407936,404
9,46,18,26,826230,902
9,41,18,-730,2193253,1446
9,37,18,-489,1956133,1875
9,53,18,237,588340,620
9,43,18,-47,1121452,1301
9,56,18,-16,664546,640
9,58,18,21,630694,705
9,55,18,38,813418,796
9,67,18,800,494931,364
9,50,18,-125,1297626,1296
9,68,18,-673,524677,408
9,71,18,729,902223,611
9,73,18,744,926224,696
9,75,18,828,970928,547
9,61,18,676,1510767,1181
9,76,18,-807,1386068,802
9,62,18,-676,1832317,1457
9,79,18,837,749637,397
9,70,18,-751,2112230,1365
9,78,18,-813,830079,475
9,81,18,898,472795,183
9,77,18,838,1266480,767
9,69,18,753,1972805,1473
9,63,18,730,2069805,1707
9,66,18,-738,2133052,1651
9,87,18,6447,263080,125
9,74,18,-746,1726664,1219
9,85,18,1492,653647,326
9,80,18,-836,1551786,872
9,60,18,-667,2791993,2235
10,1,18,-41,310018,367
9,65,18,859,3079814,2147
9,90,18,-6496,1147327,475
9,89,18,1602,1105353,496
9,88,18,-6125,1863081,770
10,2,18,77,592052,736
9,64,18,-692,3047106,2483
9,83,18,1107,2209552,1102
9,72,18,-745,3293859,2350
9,86,18,-9982,2818193,1184
10,7,18,-102,582408,704
10,9,18,124,593537,729
10,8,18,92,633044,760
10,6,18,99,770677,895
10,3,18,-67,1011704,1260
10,11,18,377,594403,706
10,13,18,285,548651,649
10,4,18,73,1120505,1389
10,5,18,-75,1150657,1432
10,14,18,-114,608666,743
10,15,18,222,663604,841
10,10,18,-134,1298052,1633
10,26,18,-308,620815,715
10,22,18,-219,872980,1107
10,24,18,-230,837807,1081
10,18,18,-74,1410609,1698
10,12,18,-116,1712775,2161
10,19,18,219,1363470,1687
10,25,18,395,1111785,1284
10,23,18,233,1199156,1519
10,28,18,-250,560506,664
10,30,18,-252,429584,503
10,20,18,-209,1705323,2077
10,29,18,258,714918,878
10,21,18,293,1840704,2236
10,35,18,391,521785,583
10,27,18,315,1275783,1502
10,31,18,268,763900,925
10,17,18,97,2094445,2678
10,16,18,-131,2086478,2731
10,36,18,-122,621630,677
10,37,18,121,543999,614
9,82,18,-1484,8667643,4252
9,84,18,-1728,8714765,4147
10,42,18,-1,124280,144
10,46,18,179,237348,250
10,43,18,0,289670,325
10,39,18,164,643132,688
10,48,18,187,282494,326
10,47,18,-146,315828,353
10,44,18,185,366624,391
10,41,18,166,537667,595
10,45,18,-216,425167,475
10,33,18,271,1184255,1476
10,50,18,227,440045,478
10,57,18,453,407226,378
10,51,18,-198,608363,651
10,34,18,-274,1432195,1802
10,63,18,9999,664,1
10,40,18,-170,1044232,1146
10,60,18,-523,515206,484
10,52,18,210,688097,754
10,67,18,9993,43901,25
10,68,18,-9994,171478,61
10,69,18,9996,2820,5
10,65,18,1736,590870,198
10,70,18,-9997,778,3
10,72,18,-9998,363,2
10,71,18,9997,2330,3
10,74,0,-10000,0,0
10,73,18,9999,485,1
10,49,18,-231,940212,1091
10,54,18,163,733146,801
10,56,18,120,787622,901
10,32,18,-247,1856168,2324
10,61,18,653,688469,601
10,38,18,-131,1670596,1939
10,59,18,515,1161465,1109
10,55,18,-125,1153213,1343
10,53,18,-173,1246342,1434
11,2,18,57,564429,616
11,1,18,-38,521168,625
10,58,18,-505,1497880,1344
10,62,18,-627,1073664,929
11,6,18,34,564371,695
11,5,18,-50,664874,788
10,64,18,-1835,3957853,1157
11,4,18,43,743583,910
11,8,18,50,545323,610
11,13,18,100,599654,727
11,7,18,-42,906247,1115
11,17,18,114,499651,605
11,9,18,11,977883,1135
11,10,18,-8,969240,1142
11,3,18,-53,1378545,1718
11,19,18,199,900562,1003
11,20,18,-220,901104,1006
11,24,18,-442,403514,393
11,23,18,838,745025,572
11,15,18,135,1179247,1413
11,11,18,83,1318841,1585
11,18,18,-138,1061746,1286
11,26,18,-280,520899,582
11,22,18,-789,1040429,1000
11,21,18,710,1078331,1040
11,28,18,-193,419932,464
11,25,18,459,809823,883
11,12,18,-79,1651114,2004
11,30,18,-522,535377,550
11,27,18,723,976149,965
11,35,18,738,591343,536
10,66,18,-1892,10238327,3098
11,39,18,639,386606,380
11,32,18,-723,878415,861
11,16,18,-115,1835998,2214
11,29,18,698,1117352,1110
11,14,18,-98,2119634,2544
11,33,18,692,1141737,1090
11,34,18,-721,1087020,1074
11,31,18,700,1841950,1728
11,38,18,-646,1204921,1247
11,41,18,741,968675,983
11,40,18,-666,1451410,1459
11,37,18,705,1704211,1686
11,46,18,-708,1311881,1073
11,36,18,-753,1898005,1863
11,45,18,761,1661719,1384
11,43,18,744,1805792,1644
11,42,18,-700,1839052,1753
11,57,18,773,670743,614
11,53,18,738,1131979,1034
11,58,18,-700,664105,569
11,56,18,-678,974783,833
11,54,18,-693,1123671,972
11,62,18,-674,460175,398
11,60,18,-701,937790,715
11,59,18,741,868711,774
11,61,18,671,752351,637
11,50,18,-685,2460472,2192
11,49,18,661,2271517,2328
11,63,18,717,828162,659
11,48,18,-651,2427648,2444
11,66,18,-715,550444,430
11,44,18,-746,3305021,2779
11,67,18,708,511344,399
11,47,18,695,2834308,2668
11,65,18,715,946930,845
11,51,18,715,2285730,2120
11,68,18,-730,802386,615
11,69,18,738,710743,563
11,55,18,812,2255436,1954
11,64,18,-705,1633273,1144
11,71,18,815,858606,665
11,77,18,898,1073952,643
11,52,18,-669,2771696,2694
11,73,18,898,1484195,997
11,70,18,-746,1641803,1209
11,75,18,890,1554940,1027
11,87,18,1715,344092,158
11,81,18,938,1324665,822
11,72,18,-815,1890168,1341
11,74,18,-905,1785525,1325
11,79,18,928,2097338,1202
11,93,18,1712,301167,108
11,78,18,-874,2079742,1539
11,89,18,1253,1857756,668
12,2,18,59,358631,419
11,91,18,1591,2004315,750
12,5,18,-35,225826,250
11,76,18,-896,3227999,2274
11,84,18,-975,3159531,1827
11,85,18,1053,2525274,1700
12,1,18,-48,836910,1045
12,6,18,41,472260,579
11,83,18,986,3140195,2149
12,4,18,53,771344,940
12,7,18,-3,543808,669
12,3,18,-56,888669,1118
11,80,18,-918,3894332,2614
11,82,18,-957,4431236,2625
12,9,18,-34,920005,1165
12,18,18,4,546849,627
11,92,18,-1517,6914529,2445
11,86,18,-1046,5241287,2955
12,15,18,4,951671,1133
12,20,18,54,365458,382
12,14,18,-16,1047966,1329
12,17,18,86,974329,1137
12,10,18,44,1327809,1674
12,8,18,26,1417015,1774
12,21,18,-37,460167,491
12,13,18,9,1302357,1655
12,28,18,604,218422,193
12,11,18,-32,1462057,1843
12,26,18,350,375316,361
12,12,18,53,1558457,1916
12,30,18,462,312542,304
12,27,18,-348,503111,507
12,24,18,113,625470,674
11,88,18,-1200,7763493,3631
12,19,18,3,941705,1123
12,22,18,99,852945,953
12,16,18,2,1542342,1860
12,29,18,-50,511434,560
12,34,18,519,563905,512
12,32,18,137,622151,665
12,31,18,-51,697726,765
12,36,18,549,634266,564
12,35,18,-354,728992,712
11,90,18,-1320,11297601,4347
12,38,18,262,723359,766
12,23,18,-84,1341058,1535
12,33,18,-157,1011055,1119
12,46,18,280,421260,447
13,1,18,-46,197497,215
12,37,18,-362,1071337,1113
12,25,18,-175,1608606,1868
12,42,18,269,1188964,1239
12,48,18,1035,1087013,583
12,45,18,-285,958879,1025
12,41,18,-181,1389852,1485
13,3,18,-53,497899,595
12,44,18,339,1233577,1265
12,47,18,-246,945994,1018
12,49,18,-1007,1926192,1010
12,40,18,339,1799598,1841
13,4,18,50,761071,887
13,2,18,43,954490,1172
13,11,18,-37,483660,577
12,39,18,-378,2205733,2286
13,6,18,80,894998,1133
12,43,18,-274,1958858,2123
13,16,18,150,528818,585
13,9,18,-40,862665,1078
13,5,18,-37,1158787,1389
13,17,18,-25,586864,666
13,12,18,68,991233,1149
13,8,18,176,1127293,1408
13,10,18,87,1036110,1240
13,7,18,-64,1225009,1536
13,20,18,28,514051,558
13,15,18,67,915346,1109
13,13,18,-98,1372882,1631
13,22,18,147,667443,792
13,18,18,66,996464,1174
13,21,18,-23,881655,986
13,14,18,106,1253335,1613
13,28,18,294,598817,699
13,30,18,815,916355,593
13,27,18,-178,620383,729
13,24,18,136,1022728,1104
13,23,18,-127,980952,1115
13,25,18,-97,831885,967
13,29,18,0,736231,811
13,34,18,1210,966663,421
13,38,18,1653,794121,286
13,36,18,1038,774385,409
13,31,18,-830,1514713,936
13,37,18,-1046,1065265,557
13,39,18,-1260,1508240,584
13,42,18,1484,1390785,456
13,35,18,-1044,1439246,821
13,19,18,0,1618934,1878
13,48,18,1469,514816,172
13,44,18,1507,1651418,516
13,40,18,1476,1921883,666
13,26,18,282,1291296,1555
13,32,18,951,1884418,1152
13,46,18,1249,2131959,808
13,50,18,1430,1695373,615
13,47,18,-1180,1999214,792
13,60,18,9995,26675,12
13,61,18,-9996,2220,4
13,62,18,9996,6382,5
13,63,18,-9997,2825,3
13,64,18,9997,975,2
13,65,18,-9998,511,2
13,66,18,9998,971,1
13,67,18,-9999,68,1
13,68,18,9999,1032,1
13,69,0,-10000,0,0
13,54,18,1423,1478187,537
13,58,18,3122,484849,156
13,43,18,-1487,3346261,1143
13,51,18,-1237,1663592,641
13,45,18,-1195,2697149,1066
13,59,18,-9992,497392,162
13,41,18,-1484,3864970,1294
13,56,18,1440,1779635,627
13,55,18,-1103,1768604,652
13,49,18,-1431,3343830,1206
13,52,18,1476,3293245,1141
14,1,18,-29,533410,636
14,2,18,48,794924,953
14,4,18,19,887936,1063
14,5,18,11,950526,1143
14,3,18,9,969128,1195
14,7,18,-17,1050183,1271
14,8,18,38,1083310,1281
14,6,18,16,1110090,1353
14,10,18,115,1154740,1367
13,33,18,-913,5287778,3044
14,9,18,22,1208628,1486
14,20,18,283,487343,528
14,19,18,-99,644947,777
14,16,18,13,876872,1019
14,22,18,336,735602,795
14,15,18,-4,1028780,1251
13,53,18,-1469,8131795,2940
14,14,18,123,1282777,1564
14,18,18,136,969864,1205
14,21,18,-268,1126300,1292
14,12,18,150,1872936,2280
14,11,18,-28,1881905,2395
14,30,18,280,499848,556
14,13,18,-121,2050573,2473
14,31,18,-281,534535,572
14,17,18,84,1553217,1971
14,24,18,247,1104628,1335
14,28,18,326,928085,1058
14,27,18,-208,895900,1075
14,33,18,-285,607034,659
14,25,18,-210,1142041,1383
14,23,18,-250,1570442,1962
14,29,18,-162,1154348,1328
14,32,18,295,799507,888
14,35,18,-228,815974,898
13,57,18,-1592,12615834,4342
14,42,18,325,572337,553
14,34,18,297,1137697,1299
14,36,18,370,1075323,1153
14,41,18,-283,851675,850
14,40,18,288,898073,956
14,44,18,507,822244,775
14,45,18,-188,677287,697
14,26,18,257,1773010,2197
14,38,18,281,1175944,1265
14,47,18,-138,472861,501
14,53,18,214,177388,158
14,48,18,225,584649,612
14,55,18,0,203135,207
14,43,18,-298,1029407,1103
14,56,18,0,279989,306
14,57,18,15,323079,346
14,37,18,-248,1502570,1648
14,59,18,-21,290019,291
14,50,18,18,594260,651
14,54,18,132,553375,559
14,46,18,130,1146767,1259
14,58,18,25,508468,520
14,60,18,29,392054,394
14,64,18,31,212127,211
14,51,18,-22,715729,758
14,49,18,14,879361,969
14,62,18,27,395451,399
14,39,18,-276,1642236,1805
14,66,18,-59,298063,285
14,61,18,-24,481159,501
14,72,18,0,162481,164
14,68,18,-50,327984,297
14,67,18,53,392037,369
14,63,18,-11,514157,525
14,73,18,0,297384,261
14,77,18,-18,239882,208
14,65,18,53,563418,527
14,74,18,99,422309,363
14,52,18,70,1001421,1108
14,79,18,0,250412,226
14,84,18,0,101690,80
14,70,18,-82,435494,404
14,81,18,0,278378,232
14,78,18,0,465231,402
14,75,18,-33,559231,446
14,71,18,46,614512,575
14,80,18,12,400799,366
14,91,18,0,169066,132
14,82,18,0,404645,366
14,76,18,236,601685,529
14,69,18,58,774935,657
14,96,18,0,105911,62
14,89,18,-2,403132,321
14,85,18,78,491957,391
14,100,18,0,149499,84
14,103,18,0,12732,9
14,90,18,0,464343,361
14,99,18,0,226717,138
14,97,18,0,285124,179
14,93,18,0,327169,256
14,95,18,0,315411,203
14,92,18,0,407695,305
14,98,18,0,322336,195
14,110,18,0,42145,23
14,101,18,0,209697,125
14,83,18,1,613537,568
14,109,18,0,73850,49
14,102,18,5,191593,116
14,112,18,0,17285,11
14,115,18,0,5164,4
14,116,18,0,9368,3
14,113,18,0,23925,14
14,117,18,0,21372,9
14,94,18,0,418867,298
14,111,18,0,81305,54
14,114,18,0,73115,49
14,87,18,23,674114,547
14,86,18,-36,826708,698
14,88,18,0,882619,751
14,106,18,150,514546,386
14,108,18,120,535734,387
14,104,18,124,684448,485
15,12,18,125,225315,253
15,1,18,10,616674,716
15,15,18,9999,1022,1
15,16,0,-10000,0,0
15,5,18,-28,595588,728
14,105,18,-130,1179482,838
14,107,18,-127,1138942,864
15,2,18,0,729858,873
15,3,18,-2,872277,1081
16,5,18,-47,366821,401
15,13,18,-82,802800,912
15,7,18,47,1053078,1270
15,4,18,25,1125534,1339
15,9,18,88,947413,1124
16,7,18,-51,71447,79
16,2,18,49,527844,616
16,3,18,-48,574994,682
15,10,18,-63,1064915,1219
15,14,18,310,947202,998
15,8,18,-59,1354431,1654
16,4,18,34,827650,1019
15,6,18,27,1574777,1924
16,6,18,60,832816,961
16,9,18,32,613892,734
16,1,18,-41,1145223,1389
16,8,18,54,682254,831
15,11,18,131,1545797,1850
16,11,18,36,683609,809
16,10,18,-36,712460,818
16,13,18,56,870397,1093
16,18,18,-75,545030,676
16,12,18,-61,1043683,1244
16,14,18,-52,993333,1180
16,20,18,-59,499127,597
16,17,18,167,799251,908
16,16,18,-109,988905,1208
16,22,18,52,590173,696
16,15,18,96,1216853,1463
16,24,18,-37,830983,984
16,19,18,75,1147215,1398
16,21,18,94,1089510,1353
16,27,18,495,981111,1008
16,37,18,867,345653,265
16,25,18,228,1320057,1470
16,23,18,122,1274051,1541
16,26,18,-123,1384187,1602
16,40,18,-405,197965,204
16,42,18,-378,208169,205
16,41,18,370,349829,351
16,28,18,-236,1289800,1485
16,29,18,203,1273326,1443
16,39,18,827,1035202,625
16,31,18,218,1252173,1451
16,45,18,363,240345,236
16,43,18,396,354102,351
16,44,18,-361,350849,348
16,33,18,308,1265804,1433
16,34,18,-281,1567357,1759
16,52,18,-349,497907,502
16,30,18,-212,1782085,2026
16,53,18,534,503470,511
16,48,18,-418,787379,784
16,46,18,-404,895239,940
16,47,18,386,902716,986
16,50,18,-337,808093,895
16,36,18,-235,1747788,1930
16,54,18,-369,868002,857
16,35,18,307,1919783,2216
16,38,18,-189,1561450,1810
16,61,18,641,271196,258
16,59,18,463,420686,429
16,60,18,-379,458326,423
16,32,18,-241,2392930,2725
16,58,18,-315,729149,718
16,56,18,-316,826485,829
16,55,18,387,922476,915
16,51,18,412,1331810,1378
16,66,18,338,379153,361
16,57,18,584,1021065,956
16,74,18,6909,1022593,262
17,2,18,50,211206,212
17,1,18,-33,207156,251
16,67,18,-338,637516,615
16,68,18,305,648017,634
16,49,18,385,1697844,1838
16,65,18,465,780672,764
16,72,18,1169,1984081,616
16,62,18,-548,1542048,1388
17,3,18,-50,586663,700
16,63,18,668,1493879,1418
16,69,18,-352,1250270,1189
16,64,18,-473,1833366,1657
17,14,18,271,324102,383
17,13,18,-153,394246,484
17,6,18,47,1031361,1256
17,4,18,114,1086710,1334
17,16,18,730,334035,249
17,9,18,-34,1050603,1311
17,15,18,-37,522223,587
17,19,18,-121,256583,302
17,12,18,268,914623,1039
17,7,18,-41,1271071,1611
16,70,18,1022,5177471,2161
17,17,18,-122,513269,624
17,8,18,84,1375320,1680
17,5,18,-22,1417983,1795
17,11,18,-107,1176545,1489
17,18,18,96,644308,790
17,21,18,-79,617904,723
17,20,18,113,802983,947
17,29,18,-241,494324,528
17,23,18,-20,730861,846
17,10,18,113,1859083,2252
17,27,18,-219,838986,1002
17,26,18,225,911353,1070
16,73,18,-9990,10023513,3208
17,35,18,-411,450908,476
17,24,18,207,1255006,1405
17,37,18,-527,341100,379
16,71,18,-1105,9650234,3650
17,31,18,-344,1038802,1189
17,33,18,-405,866188,977
17,25,18,-230,1484573,1808
17,28,18,294,1524234,1801
17,38,18,527,751177,822
17,44,18,316,475715,480
17,40,18,550,775022,816
17,30,18,400,1524441,1779
17,39,18,-567,901539,976
17,22,18,87,1979412,2436
17,36,18,575,1491241,1614
17,54,18,9998,737,2
17,42,18,631,1065845,1041
17,48,18,728,659338,602
17,34,18,648,1819314,1942
17,41,18,-443,1208662,1283
17,50,18,621,693340,721
17,52,18,872,832433,728
17,46,18,577,1161450,1101
17,43,18,-242,1260747,1386
17,45,18,-232,1141438,1343
17,32,18,407,2083422,2468
17,58,18,738,671306,569
17,64,18,646,457543,374
17,63,18,-274,586805,609
17,57,18,-750,1225063,1045
17,67,18,-619,514104,380
17,47,18,-610,1969119,1856
17,55,18,-800,1575047,1346
17,66,18,646,947233,734
17,68,18,669,500869,379
17,60,18,722,1307233,1134
17,61,18,-730,1368895,1144
17,62,18,700,1226272,1130
17,51,18,-608,1917916,2034
17,56,18,829,1944813,1781
17,69,18,-531,888795,803
17,65,18,-655,1994382,1626
17,77,18,-573,649077,553
17,71,18,-316,886069,897
17,53,18,-849,2931876,2452
17,78,18,572,746398,614
17,74,18,425,1017940,1027
17,80,18,547,814525,670
17,49,18,-539,3054117,3137
17,84,18,128,512948,530
17,59,18,-726,3229139,2623
17,72,18,294,1493212,1553
17,79,18,-254,1100381,1115
17,76,18,605,1706284,1400
17,75,18,-443,1516222,1566
17,70,18,530,1911035,1881
17,73,18,-288,1689939,1761
17,88,18,732,948555,626
17,85,18,-128,1093484,1082
17,90,18,290,721088,672
17,83,18,-118,1333109,1347
17,89,18,-13,965682,937
17,81,18,-560,1825474,1646
17,86,18,694,2288905,1382
17,82,18,1092,3210066,1779
17,91,18,-300,1298920,1204
17,100,18,251,1002623,946
17,104,18,123,735162,698
17,102,18,291,1054327,949
17,101,18,-7,1133775,1128
17,105,18,-282,1034179,890
17,99,18,-269,1685199,1558
17,87,18,-727,4158794,2516
17,98,18,820,3488506,1950
17,92,18,710,4019908,2631
17,110,18,444,836816,677
17,111,18,-430,796910,630
17,112,18,768,1234422,852
17,106,18,651,2218449,1497
17,103,18,-7,1893625,2126
17,109,18,-437,1550247,1192
17,96,18,841,6018822,3368
17,120,18,2147,1492378,613
17,118,18,1092,1585280,683
17,119,18,-833,2534235,1083
17,117,18,-777,1763797,1257
17,124,18,6140,603776,270
17,126,18,5810,442519,176
17,116,18,1035,3530898,1833
17,127,18,-5467,36343,17
18,2,18,85,501203,599
18,3,18,-78,163247,170
18,4,18,84,93719,103
17,108,18,674,5816789,3781
17,94,18,807,10257775,5580
18,1,18,-31,932305,1132
17,121,18,-826,5171064,2180
17,123,18,-5496,5020991,2199
18,5,18,-90,462510,609
17,122,18,4689,6010399,2422
18,6,18,142,679286,819
18,9,18,-125,578438,698
18,10,18,263,460330,573
17,107,18,-684,7327761,4848
17,115,18,-1434,8420992,4018
18,12,18,951,869948,727
18,8,18,127,934884,1160
17,114,18,855,6452998,4315
18,7,18,-114,1078888,1297
18,11,18,-164,751827,896
17,113,18,-753,6698368,4639
17,95,18,-872,13070334,7207
18,19,18,-144,537320,605
18,23,18,-87,459207,505
18,21,18,-148,763977,901
18,22,18,195,806723,924
18,13,18,-946,1845200,1624
18,24,18,74,660152,750
18,20,18,158,1047623,1285
18,18,18,1164,1943475,1553
18,30,18,78,318199,328
18,26,18,90,931731,984
17,125,18,-1400,9957143,4387
18,27,18,-38,775381,816
18,15,18,-928,2734095,2240
18,25,18,-59,1085383,1274
18,16,18,1015,2950684,2258
18,28,18,107,830800,908
18,33,18,-127,586617,634
18,37,18,57,392190,435
18,36,18,-62,459784,502
17,93,18,-892,17654785,9186
18,32,18,260,911674,979
18,35,18,47,692502,776
18,34,18,110,909898,983
18,43,18,69,315124,352
18,38,18,-57,671270,786
18,39,18,89,699654,824
18,40,18,-59,739630,842
18,29,18,-74,1526145,1728
18,31,18,-87,1334721,1485
17,97,18,-1263,21485021,9445
18,14,18,982,4105679,3515
18,48,18,-115,476018,484
18,41,18,51,946056,1099
18,42,18,-27,900952,1029
18,50,18,104,567964,633
18,44,18,-101,1158277,1301
18,46,18,-121,990605,1106
18,47,18,100,883472,1002
18,58,18,-147,345386,360
18,49,18,248,1175672,1284
18,45,18,100,1312622,1532
19,2,18,58,369852,460
18,51,18,358,1256189,1347
18,53,18,405,1212458,1299
18,59,18,151,746593,810
18,55,18,584,1054117,1050
18,54,18,-405,1102842,1241
19,1,18,-47,560930,675
18,57,18,509,931856,1040
19,3,18,2,750234,945
18,56,18,-360,1372107,1513
19,8,18,399,674874,788
19,10,18,399,677819,790
19,4,18,4,1167435,1496
19,11,18,-396,928134,1064
19,5,18,-14,1113404,1384
19,7,18,29,1002083,1233
19,6,18,25,1142698,1375
19,16,18,462,699314,778
19,13,18,-375,1003926,1180
18,17,18,-1032,7579151,5800
19,22,18,402,400673,383
19,25,18,-159,327493,327
19,9,18,-399,1434833,1698
19,21,18,-307,564451,554
19,23,18,-351,480222,490
19,24,18,366,558669,557
19,26,18,181,442229,469
19,18,18,540,1268931,1351
19,19,18,-533,1058451,1145
19,12,18,426,1784895,2134
19,36,18,9999,550,1
19,37,0,-10000,0,0
19,14,18,483,1819205,2166
19,34,18,-25,204342,220
19,20,18,631,1345646,1341
19,35,18,63,290960,321
19,17,18,-517,1653456,1779
19,15,18,-473,2192137,2524
19,31,18,553,1511007,1261
19,29,18,517,1639705,1482
19,33,18,384,1302730,1250
18,52,18,-348,4247679,4742
19,27,18,401,2688963,2456
19,32,18,-384,3563713,3260
19,28,18,-386,3787909,3658
19,30,18,-523,4349077,4121
